/Users/qnkhuat/Desktop/see_gt_generator/results/background1_0.png	5TBRV54107S469985
/Users/qnkhuat/Desktop/see_gt_generator/results/background10_0.png	1C4RJFCGXDC606958
/Users/qnkhuat/Desktop/see_gt_generator/results/background11_0.png	1XKWDB9X27R196592
/Users/qnkhuat/Desktop/see_gt_generator/results/background12_0.png	5GAKRAKD6FJ169738
/Users/qnkhuat/Desktop/see_gt_generator/results/background13_0.png	2B3CA3CV6AH271047
/Users/qnkhuat/Desktop/see_gt_generator/results/background14_0.png	4S4BRBCC2A3334980
/Users/qnkhuat/Desktop/see_gt_generator/results/background15_0.png	1HGCP36869A010905
/Users/qnkhuat/Desktop/see_gt_generator/results/background16_0.png	3VWJZ71KX9M077050
/Users/qnkhuat/Desktop/see_gt_generator/results/background17_0.png	1D7HE58PX7S173015
/Users/qnkhuat/Desktop/see_gt_generator/results/background18_0.png	JTEBT17R978042717
/Users/qnkhuat/Desktop/see_gt_generator/results/background19_0.png	2HGES26723H540922
/Users/qnkhuat/Desktop/see_gt_generator/results/background2_0.png	1HD1BJY104Y041722
/Users/qnkhuat/Desktop/see_gt_generator/results/background20_0.png	1J8HG58296C298503
/Users/qnkhuat/Desktop/see_gt_generator/results/background21_0.png	1GNFK16307R232882
/Users/qnkhuat/Desktop/see_gt_generator/results/background22_0.png	JTHBC96S785015864
/Users/qnkhuat/Desktop/see_gt_generator/results/background23_0.png	2C4RC1CG2ER107500
/Users/qnkhuat/Desktop/see_gt_generator/results/background24_0.png	1C4BJWDG9FL571445
/Users/qnkhuat/Desktop/see_gt_generator/results/background25_0.png	JN1CV6AP7BM303076
/Users/qnkhuat/Desktop/see_gt_generator/results/background26_0.png	5TBET34136S534061
/Users/qnkhuat/Desktop/see_gt_generator/results/background27_0.png	5NPEB4AC8EH839467
/Users/qnkhuat/Desktop/see_gt_generator/results/background28_0.png	JM1BM1W32F1231957
/Users/qnkhuat/Desktop/see_gt_generator/results/background29_0.png	1FALP4042SF238022
/Users/qnkhuat/Desktop/see_gt_generator/results/background3_0.png	JF1GPAD69D2864107
/Users/qnkhuat/Desktop/see_gt_generator/results/background30_0.png	5J6RM4H58DL058889
/Users/qnkhuat/Desktop/see_gt_generator/results/background31_0.png	KMHCT4AE7DU412268
/Users/qnkhuat/Desktop/see_gt_generator/results/background32_0.png	4S3BMCD69E3014854
/Users/qnkhuat/Desktop/see_gt_generator/results/background33_0.png	1J4PN2GK4AW179137
/Users/qnkhuat/Desktop/see_gt_generator/results/background34_0.png	JM1CW2BL0C0109917
/Users/qnkhuat/Desktop/see_gt_generator/results/background35_0.png	4T1BF1FK2FU007633
/Users/qnkhuat/Desktop/see_gt_generator/results/background36_0.png	WP0AA2A73BL012816
/Users/qnkhuat/Desktop/see_gt_generator/results/background37_0.png	2G1WB58K679144054
/Users/qnkhuat/Desktop/see_gt_generator/results/background38_0.png	5J6RE3H77BL056413
/Users/qnkhuat/Desktop/see_gt_generator/results/background4_0.png	1FDEE14Y5PHB19294
/Users/qnkhuat/Desktop/see_gt_generator/results/background5_0.png	2C3LA43R28H292824
/Users/qnkhuat/Desktop/see_gt_generator/results/background6_0.png	5NPE34AF8FH054911
/Users/qnkhuat/Desktop/see_gt_generator/results/background7_0.png	1G6KY5493YU131714
/Users/qnkhuat/Desktop/see_gt_generator/results/background8_0.png	JM1GJ1U58F1188096
/Users/qnkhuat/Desktop/see_gt_generator/results/background1_1.png	1GNSKCE00CR283262
/Users/qnkhuat/Desktop/see_gt_generator/results/background10_1.png	4T1BF1FK4EU865202
/Users/qnkhuat/Desktop/see_gt_generator/results/background11_1.png	1GNDM19W7VB150371
/Users/qnkhuat/Desktop/see_gt_generator/results/background12_1.png	1FMCU0H92DUC36809
/Users/qnkhuat/Desktop/see_gt_generator/results/background13_1.png	SAJDA44B475B01402
/Users/qnkhuat/Desktop/see_gt_generator/results/background14_1.png	WDBJF55F3VJ031059
/Users/qnkhuat/Desktop/see_gt_generator/results/background15_1.png	JM1BL1V78C1688260
/Users/qnkhuat/Desktop/see_gt_generator/results/background16_1.png	3D7LT2EL1AG132478
/Users/qnkhuat/Desktop/see_gt_generator/results/background17_1.png	1FAHP3FN8BW121979
/Users/qnkhuat/Desktop/see_gt_generator/results/background18_1.png	KL4CJDSB2EB607023
/Users/qnkhuat/Desktop/see_gt_generator/results/background19_1.png	JM3KE2CYXF0484220
/Users/qnkhuat/Desktop/see_gt_generator/results/background2_1.png	JN8AS5MV0BW690290
/Users/qnkhuat/Desktop/see_gt_generator/results/background20_1.png	1GNCS13W1SK213681
/Users/qnkhuat/Desktop/see_gt_generator/results/background21_1.png	3N1AB61E98L736500
/Users/qnkhuat/Desktop/see_gt_generator/results/background22_1.png	KMHDH4AE1FU354344
/Users/qnkhuat/Desktop/see_gt_generator/results/background23_1.png	4N2XN11T8XD806831
/Users/qnkhuat/Desktop/see_gt_generator/results/background24_1.png	2G1WC5E32E1100509
/Users/qnkhuat/Desktop/see_gt_generator/results/background25_1.png	5UXFG8C51CL590447
/Users/qnkhuat/Desktop/see_gt_generator/results/background26_1.png	5J6TF2H55CL010804
/Users/qnkhuat/Desktop/see_gt_generator/results/background27_1.png	WBABR334XYEG02630
/Users/qnkhuat/Desktop/see_gt_generator/results/background28_1.png	1C3LC66B99N522002
/Users/qnkhuat/Desktop/see_gt_generator/results/background29_1.png	JTDBT4K38CL015072
/Users/qnkhuat/Desktop/see_gt_generator/results/background3_1.png	3VWAL71K49M080950
/Users/qnkhuat/Desktop/see_gt_generator/results/background30_1.png	1FTFW1ET1BFB16938
/Users/qnkhuat/Desktop/see_gt_generator/results/background31_1.png	KNDJD736075703712
/Users/qnkhuat/Desktop/see_gt_generator/results/background32_1.png	1N4AL2AP6CC246210
/Users/qnkhuat/Desktop/see_gt_generator/results/background33_1.png	1J4BB5H19AL216405
/Users/qnkhuat/Desktop/see_gt_generator/results/background34_1.png	1B4GT44L3XB604607
/Users/qnkhuat/Desktop/see_gt_generator/results/background35_1.png	3GTP1UEC3FG249032
/Users/qnkhuat/Desktop/see_gt_generator/results/background36_1.png	5LMJJ2J57EEL06705
/Users/qnkhuat/Desktop/see_gt_generator/results/background37_1.png	1GYEC63T05R176467
/Users/qnkhuat/Desktop/see_gt_generator/results/background38_1.png	1FT8W3BT3DEA15465
/Users/qnkhuat/Desktop/see_gt_generator/results/background4_1.png	2G2FV22P7R2223184
/Users/qnkhuat/Desktop/see_gt_generator/results/background5_1.png	1FTPW14V58FA08290
/Users/qnkhuat/Desktop/see_gt_generator/results/background6_1.png	3FA6P0HR7DR143225
/Users/qnkhuat/Desktop/see_gt_generator/results/background7_1.png	3CZRE38588G703423
/Users/qnkhuat/Desktop/see_gt_generator/results/background8_1.png	2HNYD28249H505759
/Users/qnkhuat/Desktop/see_gt_generator/results/background1_2.png	JNRAS18W89M155169
/Users/qnkhuat/Desktop/see_gt_generator/results/background10_2.png	WDDHF5KBXEA889958
/Users/qnkhuat/Desktop/see_gt_generator/results/background11_2.png	WD0PD644265960734
/Users/qnkhuat/Desktop/see_gt_generator/results/background12_2.png	WDBUF65J63A175743
/Users/qnkhuat/Desktop/see_gt_generator/results/background13_2.png	1G3CX1130F4356926
/Users/qnkhuat/Desktop/see_gt_generator/results/background14_2.png	5UXZV8C54CL423227
/Users/qnkhuat/Desktop/see_gt_generator/results/background15_2.png	1JJV532W9YL654765
/Users/qnkhuat/Desktop/see_gt_generator/results/background16_2.png	1G2HX52K2WH217509
/Users/qnkhuat/Desktop/see_gt_generator/results/background17_2.png	JN8AF5MVXCT111216
/Users/qnkhuat/Desktop/see_gt_generator/results/background18_2.png	ZAM45KLA7A0049955
/Users/qnkhuat/Desktop/see_gt_generator/results/background19_2.png	1FMZU83K73UA73902
/Users/qnkhuat/Desktop/see_gt_generator/results/background2_2.png	KNDMG4C74C6479540
/Users/qnkhuat/Desktop/see_gt_generator/results/background20_2.png	4T1BF3EK7BU646615
/Users/qnkhuat/Desktop/see_gt_generator/results/background21_2.png	5N1AT2MT3FC777223
/Users/qnkhuat/Desktop/see_gt_generator/results/background22_2.png	5TFUX4EN5EX030103
/Users/qnkhuat/Desktop/see_gt_generator/results/background23_2.png	2C3CDXBGXDH542121
/Users/qnkhuat/Desktop/see_gt_generator/results/background24_2.png	1FTYR14UX4PA35203
/Users/qnkhuat/Desktop/see_gt_generator/results/background25_2.png	1FALP13P3VW139203
/Users/qnkhuat/Desktop/see_gt_generator/results/background26_2.png	KMHDU46D47U052205
/Users/qnkhuat/Desktop/see_gt_generator/results/background27_2.png	1GKFK16377R265648
/Users/qnkhuat/Desktop/see_gt_generator/results/background28_2.png	1FMNU40L4YEA82871
/Users/qnkhuat/Desktop/see_gt_generator/results/background29_2.png	1HGCR2F89EA029611
/Users/qnkhuat/Desktop/see_gt_generator/results/background3_2.png	1FMCU0GX5DUC72347
/Users/qnkhuat/Desktop/see_gt_generator/results/background30_2.png	1N6AD0EV8CC402118
/Users/qnkhuat/Desktop/see_gt_generator/results/background31_2.png	2A4GP54L17R222388
/Users/qnkhuat/Desktop/see_gt_generator/results/background32_2.png	1N4AL11E23C129104
/Users/qnkhuat/Desktop/see_gt_generator/results/background33_2.png	1N6AF0LY1CN106739
/Users/qnkhuat/Desktop/see_gt_generator/results/background34_2.png	1FMFU16597LA47152
/Users/qnkhuat/Desktop/see_gt_generator/results/background35_2.png	WDDGF4HB6CR213812
/Users/qnkhuat/Desktop/see_gt_generator/results/background36_2.png	3VWBK31C95M409225
/Users/qnkhuat/Desktop/see_gt_generator/results/background37_2.png	JTHBA30G555109812
/Users/qnkhuat/Desktop/see_gt_generator/results/background38_2.png	2HKRM4H38DH641259
/Users/qnkhuat/Desktop/see_gt_generator/results/background4_2.png	WVWBA71F98V053439
/Users/qnkhuat/Desktop/see_gt_generator/results/background5_2.png	2GCEK13M371685419
/Users/qnkhuat/Desktop/see_gt_generator/results/background6_2.png	JT2ST87F5M0094772
/Users/qnkhuat/Desktop/see_gt_generator/results/background7_2.png	1GKS1CE05CR198790
/Users/qnkhuat/Desktop/see_gt_generator/results/background8_2.png	3FAHP0GA8CR119485
/Users/qnkhuat/Desktop/see_gt_generator/results/background1_3.png	5YFBU4EE2CP048036
/Users/qnkhuat/Desktop/see_gt_generator/results/background10_3.png	1G6KY5492WU928131
/Users/qnkhuat/Desktop/see_gt_generator/results/background11_3.png	2G1WF55E7Y9140132
/Users/qnkhuat/Desktop/see_gt_generator/results/background12_3.png	JTLKT324164084188
/Users/qnkhuat/Desktop/see_gt_generator/results/background13_3.png	3FA6P0K93DR164260
/Users/qnkhuat/Desktop/see_gt_generator/results/background14_3.png	3GYFNAEY3BS612392
/Users/qnkhuat/Desktop/see_gt_generator/results/background15_3.png	19XFB2F51CE035435
/Users/qnkhuat/Desktop/see_gt_generator/results/background16_3.png	1G11C5SA2DU120047
/Users/qnkhuat/Desktop/see_gt_generator/results/background17_3.png	1HGCT1B8XEA011376
/Users/qnkhuat/Desktop/see_gt_generator/results/background18_3.png	4JGDA5JB7DA163851
/Users/qnkhuat/Desktop/see_gt_generator/results/background19_3.png	3C3CFFBR1CT185746
/Users/qnkhuat/Desktop/see_gt_generator/results/background2_3.png	1M2N187Y0JW022250
/Users/qnkhuat/Desktop/see_gt_generator/results/background20_3.png	1FUYDDYB6XL960249
/Users/qnkhuat/Desktop/see_gt_generator/results/background21_3.png	1N4AL21E57N436671
/Users/qnkhuat/Desktop/see_gt_generator/results/background22_3.png	KNDJE723267201887
/Users/qnkhuat/Desktop/see_gt_generator/results/background23_3.png	1GCNCPECXEZ183841
/Users/qnkhuat/Desktop/see_gt_generator/results/background24_3.png	5YFBURHE2EP147306
/Users/qnkhuat/Desktop/see_gt_generator/results/background25_3.png	1G8JU54F42Y557481
/Users/qnkhuat/Desktop/see_gt_generator/results/background26_3.png	2D4FV48V65H120099
/Users/qnkhuat/Desktop/see_gt_generator/results/background27_3.png	1FTSW21P65EB22726
/Users/qnkhuat/Desktop/see_gt_generator/results/background28_3.png	1C6RR6LT5ES310654
/Users/qnkhuat/Desktop/see_gt_generator/results/background29_3.png	JM1EC4317N0113752
/Users/qnkhuat/Desktop/see_gt_generator/results/background3_3.png	1G6KD57Y58U151929
/Users/qnkhuat/Desktop/see_gt_generator/results/background30_3.png	5XXGM4A7XEG272163
/Users/qnkhuat/Desktop/see_gt_generator/results/background31_3.png	1FUYNMEB7YPA62385
/Users/qnkhuat/Desktop/see_gt_generator/results/background32_3.png	1G6EL12YXYB703355
/Users/qnkhuat/Desktop/see_gt_generator/results/background33_3.png	1D7FL16X63S236047
/Users/qnkhuat/Desktop/see_gt_generator/results/background34_3.png	1FTRW12W17KB48315
/Users/qnkhuat/Desktop/see_gt_generator/results/background35_3.png	WDDLJ7DB2EA093576
/Users/qnkhuat/Desktop/see_gt_generator/results/background36_3.png	2T1BU4EE8BC649305
/Users/qnkhuat/Desktop/see_gt_generator/results/background37_3.png	KMHD35LE9DU091079
/Users/qnkhuat/Desktop/see_gt_generator/results/background38_3.png	3C3CFFAR2DT540832
/Users/qnkhuat/Desktop/see_gt_generator/results/background4_3.png	3GYFNDE36CS539798
/Users/qnkhuat/Desktop/see_gt_generator/results/background5_3.png	1G6KD57YX6U108412
/Users/qnkhuat/Desktop/see_gt_generator/results/background6_3.png	1G2ZH528154128459
/Users/qnkhuat/Desktop/see_gt_generator/results/background7_3.png	2G1WX15KX29359492
/Users/qnkhuat/Desktop/see_gt_generator/results/background8_3.png	2FMDA514XTBC45061
/Users/qnkhuat/Desktop/see_gt_generator/results/background1_4.png	4T1BF1FK8FU905153
/Users/qnkhuat/Desktop/see_gt_generator/results/background10_4.png	4T1BG22KX14848312
/Users/qnkhuat/Desktop/see_gt_generator/results/background11_4.png	1XKADB9XXVJ742805
/Users/qnkhuat/Desktop/see_gt_generator/results/background12_4.png	1HGCM726X3A009039
/Users/qnkhuat/Desktop/see_gt_generator/results/background13_4.png	5J6RM3H90FL006897
/Users/qnkhuat/Desktop/see_gt_generator/results/background14_4.png	1FMDU35P5TZB95991
/Users/qnkhuat/Desktop/see_gt_generator/results/background15_4.png	1G1ZH57N194217845
/Users/qnkhuat/Desktop/see_gt_generator/results/background16_4.png	JTDKN3DU4A1274547
/Users/qnkhuat/Desktop/see_gt_generator/results/background17_4.png	5GAKRCKDXFJ146832
/Users/qnkhuat/Desktop/see_gt_generator/results/background18_4.png	KMHGC4DD9DU258246
/Users/qnkhuat/Desktop/see_gt_generator/results/background19_4.png	1G1PH5S90B7212156
/Users/qnkhuat/Desktop/see_gt_generator/results/background2_4.png	SAJDA44B475B01402
/Users/qnkhuat/Desktop/see_gt_generator/results/background20_4.png	1N4AL3AP8FC221481
/Users/qnkhuat/Desktop/see_gt_generator/results/background21_4.png	3VWPL71K79M337383
/Users/qnkhuat/Desktop/see_gt_generator/results/background22_4.png	JTEGP21A740016713
/Users/qnkhuat/Desktop/see_gt_generator/results/background23_4.png	1FMCU0D74AKA94409
/Users/qnkhuat/Desktop/see_gt_generator/results/background24_4.png	1G1JC5SH6F4151821
/Users/qnkhuat/Desktop/see_gt_generator/results/background25_4.png	3TMLU4ENXCM091759
/Users/qnkhuat/Desktop/see_gt_generator/results/background26_4.png	4JGDF7DE0EA347355
/Users/qnkhuat/Desktop/see_gt_generator/results/background27_4.png	WA1LGAFE7DD012365
/Users/qnkhuat/Desktop/see_gt_generator/results/background28_4.png	2FMDK48C77BA86591
/Users/qnkhuat/Desktop/see_gt_generator/results/background29_4.png	1N4BL3AP4DN443330
/Users/qnkhuat/Desktop/see_gt_generator/results/background3_4.png	JS3TE0D20B4100185
/Users/qnkhuat/Desktop/see_gt_generator/results/background30_4.png	JS2YC415585107786
/Users/qnkhuat/Desktop/see_gt_generator/results/background31_4.png	1FTYR14E61PA64573
/Users/qnkhuat/Desktop/see_gt_generator/results/background32_4.png	JN8AZ08T44W208298
/Users/qnkhuat/Desktop/see_gt_generator/results/background33_4.png	WAUAF78EX7A206469
/Users/qnkhuat/Desktop/see_gt_generator/results/background34_4.png	JA4MT21H03J034179
/Users/qnkhuat/Desktop/see_gt_generator/results/background35_4.png	1GYS4BEF7BR235624
/Users/qnkhuat/Desktop/see_gt_generator/results/background36_4.png	2T3RFREV0EW224855
/Users/qnkhuat/Desktop/see_gt_generator/results/background37_4.png	3G5DB03EX2S524925
/Users/qnkhuat/Desktop/see_gt_generator/results/background38_4.png	1N4AB7AP9DN901093
/Users/qnkhuat/Desktop/see_gt_generator/results/background4_4.png	1FTDF1723VNA25904
/Users/qnkhuat/Desktop/see_gt_generator/results/background5_4.png	WAULC68EX5A116862
/Users/qnkhuat/Desktop/see_gt_generator/results/background6_4.png	1C3CCBBG7EN131290
/Users/qnkhuat/Desktop/see_gt_generator/results/background7_4.png	2HGFA16699H333591
/Users/qnkhuat/Desktop/see_gt_generator/results/background8_4.png	4S3BMCB6XB3226595
/Users/qnkhuat/Desktop/see_gt_generator/results/background1_5.png	1GCEK19T24E338947
/Users/qnkhuat/Desktop/see_gt_generator/results/background10_5.png	1G1PG5SC0C7138639
/Users/qnkhuat/Desktop/see_gt_generator/results/background11_5.png	1G11E5SL0EF242181
/Users/qnkhuat/Desktop/see_gt_generator/results/background12_5.png	1C4BJWDG2EL209438
/Users/qnkhuat/Desktop/see_gt_generator/results/background13_5.png	JHMBB6144WC013816
/Users/qnkhuat/Desktop/see_gt_generator/results/background14_5.png	2T1BR32E27C736897
/Users/qnkhuat/Desktop/see_gt_generator/results/background15_5.png	5J8TB4H53FL014417
/Users/qnkhuat/Desktop/see_gt_generator/results/background16_5.png	WP0CA29841U620309
/Users/qnkhuat/Desktop/see_gt_generator/results/background17_5.png	1C3CCBAB0DN733839
/Users/qnkhuat/Desktop/see_gt_generator/results/background18_5.png	1M1AA18Y7WW082901
/Users/qnkhuat/Desktop/see_gt_generator/results/background19_5.png	3GTP2VE71DG636651
/Users/qnkhuat/Desktop/see_gt_generator/results/background2_5.png	1C6RR7GP3DS659474
/Users/qnkhuat/Desktop/see_gt_generator/results/background20_5.png	5TDBK3EH5CS101670
/Users/qnkhuat/Desktop/see_gt_generator/results/background21_5.png	1FAHP37N69W268178
/Users/qnkhuat/Desktop/see_gt_generator/results/background22_5.png	3VW4T7AU1FM034194
/Users/qnkhuat/Desktop/see_gt_generator/results/background23_5.png	1N4AZ0CP9FC306436
/Users/qnkhuat/Desktop/see_gt_generator/results/background24_5.png	1G1PG5SB5E7116128
/Users/qnkhuat/Desktop/see_gt_generator/results/background25_5.png	WBSNB93526B583611
/Users/qnkhuat/Desktop/see_gt_generator/results/background26_5.png	2HKYF18794H594864
/Users/qnkhuat/Desktop/see_gt_generator/results/background27_5.png	WAULFAFR3AA078501
/Users/qnkhuat/Desktop/see_gt_generator/results/background28_5.png	2T1BURHE3EC146469
/Users/qnkhuat/Desktop/see_gt_generator/results/background29_5.png	2CNDL73F366076213
/Users/qnkhuat/Desktop/see_gt_generator/results/background3_5.png	3GTP1UEC7EG354736
/Users/qnkhuat/Desktop/see_gt_generator/results/background30_5.png	KM8JU3AC4BU175751
/Users/qnkhuat/Desktop/see_gt_generator/results/background31_5.png	KL4CJBSB2EB630127
/Users/qnkhuat/Desktop/see_gt_generator/results/background32_5.png	1D7RB1GK8BS612250
/Users/qnkhuat/Desktop/see_gt_generator/results/background33_5.png	1G2ZG57N184231077
/Users/qnkhuat/Desktop/see_gt_generator/results/background34_5.png	1G1YY3253T5600467
/Users/qnkhuat/Desktop/see_gt_generator/results/background35_5.png	JH4CU2F6XDC013253
/Users/qnkhuat/Desktop/see_gt_generator/results/background36_5.png	WAUPL68EX5A067146
/Users/qnkhuat/Desktop/see_gt_generator/results/background37_5.png	1G6DW51Y7JR750903
/Users/qnkhuat/Desktop/see_gt_generator/results/background38_5.png	KNALN4D77E5142074
/Users/qnkhuat/Desktop/see_gt_generator/results/background4_5.png	4A31K5DF6CE005489
/Users/qnkhuat/Desktop/see_gt_generator/results/background5_5.png	3VW8T7AT4DM818519
/Users/qnkhuat/Desktop/see_gt_generator/results/background6_5.png	2C3LA33G38H327895
/Users/qnkhuat/Desktop/see_gt_generator/results/background7_5.png	1G1YY34U455129615
/Users/qnkhuat/Desktop/see_gt_generator/results/background8_5.png	JTHBL46F775044902
/Users/qnkhuat/Desktop/see_gt_generator/results/background1_6.png	WDBNG75J12A281975
/Users/qnkhuat/Desktop/see_gt_generator/results/background10_6.png	WAUML44E34N005642
/Users/qnkhuat/Desktop/see_gt_generator/results/background11_6.png	1HGCR2F5XEA254030
/Users/qnkhuat/Desktop/see_gt_generator/results/background12_6.png	5TDBT44A87S279294
/Users/qnkhuat/Desktop/see_gt_generator/results/background13_6.png	1FTFX1EV5AFA49788
/Users/qnkhuat/Desktop/see_gt_generator/results/background14_6.png	JN8AS5MT2DW523978
/Users/qnkhuat/Desktop/see_gt_generator/results/background15_6.png	JTDKN3DUXF1906717
/Users/qnkhuat/Desktop/see_gt_generator/results/background16_6.png	1G3GR64H014226556
/Users/qnkhuat/Desktop/see_gt_generator/results/background17_6.png	JN8AS5MV0CW383249
/Users/qnkhuat/Desktop/see_gt_generator/results/background18_6.png	2C4RDGBG4DR692290
/Users/qnkhuat/Desktop/see_gt_generator/results/background19_6.png	1GNEC16ZX5J104562
/Users/qnkhuat/Desktop/see_gt_generator/results/background2_6.png	1C4BJWDGXDL621900
/Users/qnkhuat/Desktop/see_gt_generator/results/background20_6.png	1C3CDZAG0DN677211
/Users/qnkhuat/Desktop/see_gt_generator/results/background21_6.png	SFET4B724AGN12288
/Users/qnkhuat/Desktop/see_gt_generator/results/background22_6.png	1C4NJCBB1CD660693
/Users/qnkhuat/Desktop/see_gt_generator/results/background23_6.png	5N1AT2MV2EC792232
/Users/qnkhuat/Desktop/see_gt_generator/results/background24_6.png	1C4RJECG3EC207207
/Users/qnkhuat/Desktop/see_gt_generator/results/background25_6.png	4V4M19GF92N327553
/Users/qnkhuat/Desktop/see_gt_generator/results/background26_6.png	1HGCS12309A002859
/Users/qnkhuat/Desktop/see_gt_generator/results/background27_6.png	5TFJX4GN2DX016416
/Users/qnkhuat/Desktop/see_gt_generator/results/background28_6.png	1FAFP241X5G194898
/Users/qnkhuat/Desktop/see_gt_generator/results/background29_6.png	1J4GL48K44W148880
/Users/qnkhuat/Desktop/see_gt_generator/results/background3_6.png	1C4NJCEB0DD102640
/Users/qnkhuat/Desktop/see_gt_generator/results/background30_6.png	JM1BL1K56B1376522
/Users/qnkhuat/Desktop/see_gt_generator/results/background31_6.png	1ZVBP8AM8C5247176
/Users/qnkhuat/Desktop/see_gt_generator/results/background32_6.png	1G1PC5SB5D7178509
/Users/qnkhuat/Desktop/see_gt_generator/results/background33_6.png	WDBUF56X67B089376
/Users/qnkhuat/Desktop/see_gt_generator/results/background34_6.png	1GCJK33G86F226253
/Users/qnkhuat/Desktop/see_gt_generator/results/background35_6.png	1J4RR6GT3BC560753
/Users/qnkhuat/Desktop/see_gt_generator/results/background36_6.png	2HSCESBR97C446518
/Users/qnkhuat/Desktop/see_gt_generator/results/background37_6.png	1FTNW21F1YEC32544
/Users/qnkhuat/Desktop/see_gt_generator/results/background38_6.png	1FMCU0H96DUC47313
/Users/qnkhuat/Desktop/see_gt_generator/results/background4_6.png	2C4RDGCG1DR551837
/Users/qnkhuat/Desktop/see_gt_generator/results/background5_6.png	JF2SJAHCXFH506389
/Users/qnkhuat/Desktop/see_gt_generator/results/background6_6.png	WAULFAFR5CA030193
/Users/qnkhuat/Desktop/see_gt_generator/results/background7_6.png	1GCRKSE78DZ389703
/Users/qnkhuat/Desktop/see_gt_generator/results/background8_6.png	3C6JR6AT7EG165480
/Users/qnkhuat/Desktop/see_gt_generator/results/background1_7.png	1GCHK63629F185372
/Users/qnkhuat/Desktop/see_gt_generator/results/background10_7.png	3C63DRHLXCG178459
/Users/qnkhuat/Desktop/see_gt_generator/results/background11_7.png	YV4BZ992X91063313
/Users/qnkhuat/Desktop/see_gt_generator/results/background12_7.png	5TEHN72N23Z193133
/Users/qnkhuat/Desktop/see_gt_generator/results/background13_7.png	1FMYU70E51UC53624
/Users/qnkhuat/Desktop/see_gt_generator/results/background14_7.png	1GT5KZBG7AZ255434
/Users/qnkhuat/Desktop/see_gt_generator/results/background15_7.png	5YFBU4EE8DP112520
/Users/qnkhuat/Desktop/see_gt_generator/results/background16_7.png	2C8GF68414R633558
/Users/qnkhuat/Desktop/see_gt_generator/results/background17_7.png	KMHWF25H85A170817
/Users/qnkhuat/Desktop/see_gt_generator/results/background18_7.png	1ZVBP8EM5D5219556
/Users/qnkhuat/Desktop/see_gt_generator/results/background19_7.png	1LNHM82WX1Y612289
/Users/qnkhuat/Desktop/see_gt_generator/results/background2_7.png	1G1ZT54815F201074
/Users/qnkhuat/Desktop/see_gt_generator/results/background20_7.png	1D8HD58287F567074
/Users/qnkhuat/Desktop/see_gt_generator/results/background21_7.png	1FTFW1EF3EKD23966
/Users/qnkhuat/Desktop/see_gt_generator/results/background22_7.png	1C3CDFBHXDD155083
/Users/qnkhuat/Desktop/see_gt_generator/results/background23_7.png	1C4RDHAG3EC974311
/Users/qnkhuat/Desktop/see_gt_generator/results/background24_7.png	5NPDH4AE2DH403028
/Users/qnkhuat/Desktop/see_gt_generator/results/background25_7.png	KNAFE121385546701
/Users/qnkhuat/Desktop/see_gt_generator/results/background26_7.png	2HGFG3B88CH552325
/Users/qnkhuat/Desktop/see_gt_generator/results/background27_7.png	1HGCP2F3XCA034890
/Users/qnkhuat/Desktop/see_gt_generator/results/background28_7.png	5FNYF4H45CB018192
/Users/qnkhuat/Desktop/see_gt_generator/results/background29_7.png	1G6DG577880142656
/Users/qnkhuat/Desktop/see_gt_generator/results/background3_7.png	JTHBC96S785015864
/Users/qnkhuat/Desktop/see_gt_generator/results/background30_7.png	1C6RD7GT7CS122164
/Users/qnkhuat/Desktop/see_gt_generator/results/background31_7.png	1G6DC5E58C0115625
/Users/qnkhuat/Desktop/see_gt_generator/results/background32_7.png	1GTCS1947XK513036
/Users/qnkhuat/Desktop/see_gt_generator/results/background33_7.png	JM1BL1L68C1509631
/Users/qnkhuat/Desktop/see_gt_generator/results/background34_7.png	1C4PJMCS1EW240274
/Users/qnkhuat/Desktop/see_gt_generator/results/background35_7.png	1GKEK63U54J270637
/Users/qnkhuat/Desktop/see_gt_generator/results/background36_7.png	2C3KA53G16H328192
/Users/qnkhuat/Desktop/see_gt_generator/results/background37_7.png	2CNDL13F786042596
/Users/qnkhuat/Desktop/see_gt_generator/results/background38_7.png	1GCDC14K2JE148486
/Users/qnkhuat/Desktop/see_gt_generator/results/background4_7.png	3VWPL7AJ0EM619981
/Users/qnkhuat/Desktop/see_gt_generator/results/background5_7.png	JTJJM7FX7E5085500
/Users/qnkhuat/Desktop/see_gt_generator/results/background6_7.png	JM1BK32F991194833
/Users/qnkhuat/Desktop/see_gt_generator/results/background7_7.png	1C4RDJDG8CC253515
/Users/qnkhuat/Desktop/see_gt_generator/results/background8_7.png	1D7HG42NX3S156267
/Users/qnkhuat/Desktop/see_gt_generator/results/background1_8.png	1J4PN2GK9BW513745
/Users/qnkhuat/Desktop/see_gt_generator/results/background10_8.png	3FADP4AJ0DM199166
/Users/qnkhuat/Desktop/see_gt_generator/results/background11_8.png	2HGFA16619H503412
/Users/qnkhuat/Desktop/see_gt_generator/results/background12_8.png	4S4BRDLC1C2206461
/Users/qnkhuat/Desktop/see_gt_generator/results/background13_8.png	3GNCA13B99S591312
/Users/qnkhuat/Desktop/see_gt_generator/results/background14_8.png	1B3HB48A49D148340
/Users/qnkhuat/Desktop/see_gt_generator/results/background15_8.png	1G1AD5F5XA7236181
/Users/qnkhuat/Desktop/see_gt_generator/results/background1_0.png	3GNAL2EK1DS597358
/Users/qnkhuat/Desktop/see_gt_generator/results/background10_0.png	JTNBB46K773036680
/Users/qnkhuat/Desktop/see_gt_generator/results/background11_0.png	3N1CN7AP6FL803977
/Users/qnkhuat/Desktop/see_gt_generator/results/background12_0.png	1B3EJ46X3YN156743
/Users/qnkhuat/Desktop/see_gt_generator/results/background13_0.png	2G1WB5E35E1165888
/Users/qnkhuat/Desktop/see_gt_generator/results/background14_0.png	1G1PG5SBXD7163413
/Users/qnkhuat/Desktop/see_gt_generator/results/background15_0.png	KL4CJBSB6DB086889
/Users/qnkhuat/Desktop/see_gt_generator/results/background16_0.png	1FTKR1AD4APA77839
/Users/qnkhuat/Desktop/see_gt_generator/results/background17_0.png	3GTP1VEC8EG115962
/Users/qnkhuat/Desktop/see_gt_generator/results/background18_0.png	1FTPW12595KE27555
/Users/qnkhuat/Desktop/see_gt_generator/results/background19_0.png	1D7HA18287S251204
/Users/qnkhuat/Desktop/see_gt_generator/results/background2_0.png	1FMCU0GX6FUB04896
/Users/qnkhuat/Desktop/see_gt_generator/results/background20_0.png	5GAKRCED5CJ423927
/Users/qnkhuat/Desktop/see_gt_generator/results/background21_0.png	JN8AS5MV3DW125566
/Users/qnkhuat/Desktop/see_gt_generator/results/background22_0.png	1GKS2CE01DR197313
/Users/qnkhuat/Desktop/see_gt_generator/results/background23_0.png	JH4DA9458PS020826
/Users/qnkhuat/Desktop/see_gt_generator/results/background24_0.png	JM3KE4CY2F0463664
/Users/qnkhuat/Desktop/see_gt_generator/results/background25_0.png	2FMDK3JC4DBC44613
/Users/qnkhuat/Desktop/see_gt_generator/results/background26_0.png	1FMCU59H97KB68253
/Users/qnkhuat/Desktop/see_gt_generator/results/background27_0.png	1G1ZD5EU2CF381347
/Users/qnkhuat/Desktop/see_gt_generator/results/background28_0.png	2FMDK3GC8DBB27947
/Users/qnkhuat/Desktop/see_gt_generator/results/background29_0.png	1GBKC34F3SJ109358
/Users/qnkhuat/Desktop/see_gt_generator/results/background3_0.png	1D8GT28K57W596982
/Users/qnkhuat/Desktop/see_gt_generator/results/background30_0.png	2T1BU4EEXAC225994
/Users/qnkhuat/Desktop/see_gt_generator/results/background31_0.png	2T3RFREV2FW277073
/Users/qnkhuat/Desktop/see_gt_generator/results/background32_0.png	JH4CU2F66AC007106
/Users/qnkhuat/Desktop/see_gt_generator/results/background33_0.png	JH4CU2F85CC031210
/Users/qnkhuat/Desktop/see_gt_generator/results/background34_0.png	5NPDH4AE7CH121966
/Users/qnkhuat/Desktop/see_gt_generator/results/background35_0.png	KM8JU3AC0CU416528
/Users/qnkhuat/Desktop/see_gt_generator/results/background36_0.png	3FADP0L34AR262680
/Users/qnkhuat/Desktop/see_gt_generator/results/background37_0.png	1G1AL58F787113585
/Users/qnkhuat/Desktop/see_gt_generator/results/background38_0.png	1XPHD49X48D760997
/Users/qnkhuat/Desktop/see_gt_generator/results/background4_0.png	4T1SK12E6PU166913
/Users/qnkhuat/Desktop/see_gt_generator/results/background5_0.png	JT3HN86R320369452
/Users/qnkhuat/Desktop/see_gt_generator/results/background6_0.png	1GNKRGKD1FJ141550
/Users/qnkhuat/Desktop/see_gt_generator/results/background7_0.png	1FTMF1CM4DKF61512
/Users/qnkhuat/Desktop/see_gt_generator/results/background8_0.png	KNDPB3A2XD7465392
/Users/qnkhuat/Desktop/see_gt_generator/results/background1_0.png	JTDBL40E199034363
/Users/qnkhuat/Desktop/see_gt_generator/results/background10_0.png	WBAWR3C56AP462920
/Users/qnkhuat/Desktop/see_gt_generator/results/background11_0.png	2G4WD14L8M1913040
/Users/qnkhuat/Desktop/see_gt_generator/results/background12_0.png	WBACD3321VAV18598
/Users/qnkhuat/Desktop/see_gt_generator/results/background13_0.png	KNDPB3AC3E7613361
/Users/qnkhuat/Desktop/see_gt_generator/results/background14_0.png	5XXGM4A78DG116654
/Users/qnkhuat/Desktop/see_gt_generator/results/background15_0.png	2G1WT58K781372867
/Users/qnkhuat/Desktop/see_gt_generator/results/background16_0.png	1G6CD53B9N4331593
/Users/qnkhuat/Desktop/see_gt_generator/results/background17_0.png	1FMYU92104KB23014
/Users/qnkhuat/Desktop/see_gt_generator/results/background18_0.png	3N1BC1CP4CK813792
/Users/qnkhuat/Desktop/see_gt_generator/results/background19_0.png	WDBGA33G6VA348021
/Users/qnkhuat/Desktop/see_gt_generator/results/background2_0.png	1HGCR2E53EA182850
/Users/qnkhuat/Desktop/see_gt_generator/results/background20_0.png	1C3CDZAB7CN285734
/Users/qnkhuat/Desktop/see_gt_generator/results/background21_0.png	1GKFK66808J113896
/Users/qnkhuat/Desktop/see_gt_generator/results/background22_0.png	YV440MDC6F2586517
/Users/qnkhuat/Desktop/see_gt_generator/results/background23_0.png	1N4AL3APXFC229114
/Users/qnkhuat/Desktop/see_gt_generator/results/background24_0.png	2FMDK38C27BB05798
/Users/qnkhuat/Desktop/see_gt_generator/results/background25_0.png	1C4RJFAG8CC173741
/Users/qnkhuat/Desktop/see_gt_generator/results/background26_0.png	SALVV2BG1FH959973
/Users/qnkhuat/Desktop/see_gt_generator/results/background27_0.png	1FTFX1EV4AKE37716
/Users/qnkhuat/Desktop/see_gt_generator/results/background28_0.png	1C6RR6GT6ES271261
/Users/qnkhuat/Desktop/see_gt_generator/results/background29_0.png	6G2VX12G54L234843
/Users/qnkhuat/Desktop/see_gt_generator/results/background3_0.png	1G2ZH57NX84102249
/Users/qnkhuat/Desktop/see_gt_generator/results/background30_0.png	JNKCA31A5YT207186
/Users/qnkhuat/Desktop/see_gt_generator/results/background31_0.png	1G1ZA5E18BF350049
/Users/qnkhuat/Desktop/see_gt_generator/results/background32_0.png	1FTSW2B50AEB18176
/Users/qnkhuat/Desktop/see_gt_generator/results/background33_0.png	5YFBURHE3FP245066
/Users/qnkhuat/Desktop/see_gt_generator/results/background34_0.png	5TDZA22C76S476971
/Users/qnkhuat/Desktop/see_gt_generator/results/background35_0.png	1FTRX14W04NA73885
/Users/qnkhuat/Desktop/see_gt_generator/results/background36_0.png	1J4GK48KX7W516194
/Users/qnkhuat/Desktop/see_gt_generator/results/background37_0.png	1FUYDZYBXRH416727
/Users/qnkhuat/Desktop/see_gt_generator/results/background38_0.png	1G4AH51R7JT459545
/Users/qnkhuat/Desktop/see_gt_generator/results/background4_0.png	1G1PC5SB3E7196203
/Users/qnkhuat/Desktop/see_gt_generator/results/background5_0.png	WDDGF8BB2CA642587
/Users/qnkhuat/Desktop/see_gt_generator/results/background6_0.png	1G2ZG58NX74203145
/Users/qnkhuat/Desktop/see_gt_generator/results/background7_0.png	2T3YFREV1FW153484
/Users/qnkhuat/Desktop/see_gt_generator/results/background8_0.png	5UXFB33562LH36893
/Users/qnkhuat/Desktop/see_gt_generator/results/background1_0.png	YV4CZ982791523386
/Users/qnkhuat/Desktop/see_gt_generator/results/background10_0.png	2A4GF48426R840995
/Users/qnkhuat/Desktop/see_gt_generator/results/background11_0.png	5XYKTDA23DG310683
/Users/qnkhuat/Desktop/see_gt_generator/results/background12_0.png	1B3EL46TX5N673430
/Users/qnkhuat/Desktop/see_gt_generator/results/background13_0.png	1C3LC55R28N135556
/Users/qnkhuat/Desktop/see_gt_generator/results/background14_0.png	4T1BB46K49U080438
/Users/qnkhuat/Desktop/see_gt_generator/results/background15_0.png	5NPDH4AE2DH254572
/Users/qnkhuat/Desktop/see_gt_generator/results/background16_0.png	1A4GJ45R67B242200
/Users/qnkhuat/Desktop/see_gt_generator/results/background17_0.png	1FTFW1R68DFA37449
/Users/qnkhuat/Desktop/see_gt_generator/results/background18_0.png	3GTEC13J58G121542
/Users/qnkhuat/Desktop/see_gt_generator/results/background19_0.png	WDDHF8JB0CA622974
/Users/qnkhuat/Desktop/see_gt_generator/results/background2_0.png	WBA3B5G54DNP40470
/Users/qnkhuat/Desktop/see_gt_generator/results/background20_0.png	1J4GK48K45W639258
/Users/qnkhuat/Desktop/see_gt_generator/results/background21_0.png	1G1PF5SC6C7108032
/Users/qnkhuat/Desktop/see_gt_generator/results/background22_0.png	3D7KS28A18G154158
/Users/qnkhuat/Desktop/see_gt_generator/results/background23_0.png	3GYFNAEY1BS631684
/Users/qnkhuat/Desktop/see_gt_generator/results/background24_0.png	5UXZV4C56D0E10770
/Users/qnkhuat/Desktop/see_gt_generator/results/background25_0.png	1FT7W2BT0EEA40623
/Users/qnkhuat/Desktop/see_gt_generator/results/background26_0.png	KM8JT3AB3BU247274
/Users/qnkhuat/Desktop/see_gt_generator/results/background27_0.png	5J6YH18968L006734
/Users/qnkhuat/Desktop/see_gt_generator/results/background28_0.png	2G2WP552771155760
/Users/qnkhuat/Desktop/see_gt_generator/results/background29_0.png	2CNALBEW8A6290139
/Users/qnkhuat/Desktop/see_gt_generator/results/background3_0.png	1FVXA7CG5ADAT8905
/Users/qnkhuat/Desktop/see_gt_generator/results/background30_0.png	4T1CA30PX4U023000
/Users/qnkhuat/Desktop/see_gt_generator/results/background31_0.png	1GKER13768J282861
/Users/qnkhuat/Desktop/see_gt_generator/results/background32_0.png	JTEZU11F08K007417
/Users/qnkhuat/Desktop/see_gt_generator/results/background33_0.png	JTMZD33V485103778
/Users/qnkhuat/Desktop/see_gt_generator/results/background34_0.png	2T2HK31U79C112695
/Users/qnkhuat/Desktop/see_gt_generator/results/background35_0.png	1GNSCBE08DR237123
/Users/qnkhuat/Desktop/see_gt_generator/results/background36_0.png	2HKRM4H35EH616787
/Users/qnkhuat/Desktop/see_gt_generator/results/background37_0.png	JTDBR32E170136012
/Users/qnkhuat/Desktop/see_gt_generator/results/background38_0.png	1GNSKBE04DR362042
/Users/qnkhuat/Desktop/see_gt_generator/results/background4_0.png	1HGCR2F89EA247175
/Users/qnkhuat/Desktop/see_gt_generator/results/background5_0.png	4USCJ3327VLC07884
/Users/qnkhuat/Desktop/see_gt_generator/results/background6_0.png	JF2SJAHCXEH536653
/Users/qnkhuat/Desktop/see_gt_generator/results/background7_0.png	KMHDH4AEXCU263438
/Users/qnkhuat/Desktop/see_gt_generator/results/background8_0.png	JTDZN3EUXC3026713
/Users/qnkhuat/Desktop/see_gt_generator/results/background1_0.png	5TBET34176S520051
/Users/qnkhuat/Desktop/see_gt_generator/results/background10_0.png	1C3CDFBA6DD178783
/Users/qnkhuat/Desktop/see_gt_generator/results/background11_0.png	5J6YH18573L017277
/Users/qnkhuat/Desktop/see_gt_generator/results/background12_0.png	3GNFK16387G293929
/Users/qnkhuat/Desktop/see_gt_generator/results/background13_0.png	1C6RD7NT2CS151154
/Users/qnkhuat/Desktop/see_gt_generator/results/background14_0.png	3N1CN7AP9FL843678
/Users/qnkhuat/Desktop/see_gt_generator/results/background15_0.png	19XFB2F51EE010179
/Users/qnkhuat/Desktop/see_gt_generator/results/background16_0.png	1GTV2UEC0EZ324093
/Users/qnkhuat/Desktop/see_gt_generator/results/background17_0.png	3VWSF81K86M784954
/Users/qnkhuat/Desktop/see_gt_generator/results/background18_0.png	1FMZK01145GA53755
/Users/qnkhuat/Desktop/see_gt_generator/results/background19_0.png	2G1WG5E33D1109514
/Users/qnkhuat/Desktop/see_gt_generator/results/background2_0.png	WBSLX9C54ED160461
/Users/qnkhuat/Desktop/see_gt_generator/results/background20_0.png	2B3CJ4DG4BH603865
/Users/qnkhuat/Desktop/see_gt_generator/results/background21_0.png	1FTRW07663KD35675
/Users/qnkhuat/Desktop/see_gt_generator/results/background22_0.png	1FMCU9JX3EUC72801
/Users/qnkhuat/Desktop/see_gt_generator/results/background23_0.png	3FA6P0H90ER108608
/Users/qnkhuat/Desktop/see_gt_generator/results/background24_0.png	1LNHM83W42Y618119
/Users/qnkhuat/Desktop/see_gt_generator/results/background25_0.png	4T3BK3BB8DU076716
/Users/qnkhuat/Desktop/see_gt_generator/results/background26_0.png	3G5DA03L66S665515
/Users/qnkhuat/Desktop/see_gt_generator/results/background27_0.png	3VWTX7AJ4AM688315
/Users/qnkhuat/Desktop/see_gt_generator/results/background28_0.png	1G1ZK57B08F260275
/Users/qnkhuat/Desktop/see_gt_generator/results/background29_0.png	3C6TRVDD9EE130412
/Users/qnkhuat/Desktop/see_gt_generator/results/background3_0.png	4S3BNAJ63F3039563
/Users/qnkhuat/Desktop/see_gt_generator/results/background30_0.png	1GNKVLKD9DJ182350
/Users/qnkhuat/Desktop/see_gt_generator/results/background31_0.png	2C3CCABG6EH143112
/Users/qnkhuat/Desktop/see_gt_generator/results/background32_0.png	1GNDT13S972271611
/Users/qnkhuat/Desktop/see_gt_generator/results/background33_0.png	3C6TR5DT3EG199186
/Users/qnkhuat/Desktop/see_gt_generator/results/background34_0.png	1FT7X2B62FEA39689
/Users/qnkhuat/Desktop/see_gt_generator/results/background35_0.png	1N6ED27TX2C373972
/Users/qnkhuat/Desktop/see_gt_generator/results/background36_0.png	3TMMU4FN4DM055005
/Users/qnkhuat/Desktop/see_gt_generator/results/background37_0.png	1FTPX28L1XKA16856
/Users/qnkhuat/Desktop/see_gt_generator/results/background38_0.png	2CTALWEC2B6233023
/Users/qnkhuat/Desktop/see_gt_generator/results/background4_0.png	3D4PH9FGXBT537578
/Users/qnkhuat/Desktop/see_gt_generator/results/background5_0.png	JN1CV6EK6BM214677
/Users/qnkhuat/Desktop/see_gt_generator/results/background6_0.png	1D4GP24RX5B363936
/Users/qnkhuat/Desktop/see_gt_generator/results/background7_0.png	KNAFX4A80E5090873
/Users/qnkhuat/Desktop/see_gt_generator/results/background8_0.png	3FAHP08136R110180
/Users/qnkhuat/Desktop/see_gt_generator/results/background1_0.png	3FAHP0HA5CR311977
/Users/qnkhuat/Desktop/see_gt_generator/results/background10_0.png	JN8AS5MV0EW707870
/Users/qnkhuat/Desktop/see_gt_generator/results/background11_0.png	1FTPX14565NA59702
/Users/qnkhuat/Desktop/see_gt_generator/results/background12_0.png	1VWCN7A38EC090162
/Users/qnkhuat/Desktop/see_gt_generator/results/background13_0.png	1N6AA0EC5EN501140
/Users/qnkhuat/Desktop/see_gt_generator/results/background14_0.png	JTEBU4BF0EK197264
/Users/qnkhuat/Desktop/see_gt_generator/results/background15_0.png	3FA6P0H70ER272746
/Users/qnkhuat/Desktop/see_gt_generator/results/background16_0.png	1M1AA13Y2PW022176
/Users/qnkhuat/Desktop/see_gt_generator/results/background17_0.png	1G1PG5SBXD7163413
/Users/qnkhuat/Desktop/see_gt_generator/results/background18_0.png	1FMJK1J59BEF28202
/Users/qnkhuat/Desktop/see_gt_generator/results/background19_0.png	JTEBU5JR7B5054842
/Users/qnkhuat/Desktop/see_gt_generator/results/background2_0.png	1GNKRGED2BJ192304
/Users/qnkhuat/Desktop/see_gt_generator/results/background20_0.png	2FMGK5DC3ABA50865
/Users/qnkhuat/Desktop/see_gt_generator/results/background21_0.png	1GKLRMED5AJ263882
/Users/qnkhuat/Desktop/see_gt_generator/results/background22_0.png	1C3CDZAB7CN285734
/Users/qnkhuat/Desktop/see_gt_generator/results/background23_0.png	1C4RJFBG9FC634223
/Users/qnkhuat/Desktop/see_gt_generator/results/background24_0.png	5N1AR18W25C788502
/Users/qnkhuat/Desktop/see_gt_generator/results/background25_0.png	1C3CDZAB6CN286485
/Users/qnkhuat/Desktop/see_gt_generator/results/background26_0.png	WBAFR7C56DC818298
/Users/qnkhuat/Desktop/see_gt_generator/results/background27_0.png	19UUA86509A006972
/Users/qnkhuat/Desktop/see_gt_generator/results/background28_0.png	1GBJC34U21F114627
/Users/qnkhuat/Desktop/see_gt_generator/results/background29_0.png	KMHWF25S23A782505
/Users/qnkhuat/Desktop/see_gt_generator/results/background3_0.png	1J4FT78S2PL631299
/Users/qnkhuat/Desktop/see_gt_generator/results/background30_0.png	2C4RC1BG6FR618095
/Users/qnkhuat/Desktop/see_gt_generator/results/background31_0.png	1XP5DB9X3YD511288
/Users/qnkhuat/Desktop/see_gt_generator/results/background32_0.png	1G6AA5RAXE0181323
/Users/qnkhuat/Desktop/see_gt_generator/results/background33_0.png	1FTNE24L0XHA63649
/Users/qnkhuat/Desktop/see_gt_generator/results/background34_0.png	KL8CD6S90EC509696
/Users/qnkhuat/Desktop/see_gt_generator/results/background35_0.png	JT3GN87R1W0079226
/Users/qnkhuat/Desktop/see_gt_generator/results/background36_0.png	5FNYF4H49DB026524
/Users/qnkhuat/Desktop/see_gt_generator/results/background37_0.png	1D8HB58268F112540
/Users/qnkhuat/Desktop/see_gt_generator/results/background38_0.png	YV1SZ59HX41140300
/Users/qnkhuat/Desktop/see_gt_generator/results/background4_0.png	1LNHM83W72Y670876
/Users/qnkhuat/Desktop/see_gt_generator/results/background5_0.png	3N1CB51D13L806011
/Users/qnkhuat/Desktop/see_gt_generator/results/background6_0.png	3GNDA23P76S520563
/Users/qnkhuat/Desktop/see_gt_generator/results/background7_0.png	4T4BF1FK5ER354488
/Users/qnkhuat/Desktop/see_gt_generator/results/background8_0.png	1C3CCBABXDN559438
